project_id,career_title,project_title,project_description,difficulty,technologies,github_url
,Full-Stack Web Developer,E-Commerce Platform,Build a full-featured e-commerce store with cart and payment integration.,Intermediate,"React, Node.js, MongoDB, Stripe",https://github.com/topics/ecommerce
,Full-Stack Web Developer,Social Media Dashboard,Create a social media analytics dashboard with real-time data.,Intermediate,"React, Express, PostgreSQL, Chart.js",https://github.com/topics/social-media-dashboard
,Full-Stack Web Developer,Project Management Tool,Build a Trello-like kanban board with drag-and-drop.,Advanced,"React, Node.js, MongoDB, WebSocket",https://github.com/topics/project-management
,Data Scientist,Stock Price Predictor,Predict stock prices using historical data and ML models.,Intermediate,"Python, Pandas, Scikit-Learn, Matplotlib",https://github.com/topics/stock-prediction
,Data Scientist,Customer Churn Analysis,Analyze and predict customer churn with classification models.,Intermediate,"Python, Pandas, Scikit-Learn, Seaborn",https://github.com/topics/churn-prediction
,Data Scientist,Sentiment Analysis Tool,Build a sentiment analyzer for social media posts.,Advanced,"Python, NLP, TensorFlow, Flask",https://github.com/topics/sentiment-analysis
,Backend Engineer,REST API Microservice,Build a production-ready microservice with auth and rate limiting.,Intermediate,"Python, FastAPI, PostgreSQL, Docker",https://github.com/topics/fastapi
,Backend Engineer,Chat Application Backend,Real-time chat with WebSocket support and message persistence.,Advanced,"Node.js, Redis, MongoDB, WebSocket",https://github.com/topics/chat-application
,Backend Engineer,URL Shortener Service,Build a scalable URL shortener with analytics.,Beginner,"Python, FastAPI, Redis, PostgreSQL",https://github.com/topics/url-shortener
,Frontend Engineer,Portfolio Website,Create a stunning animated personal portfolio.,Beginner,"React, Tailwind CSS, Framer Motion",https://github.com/topics/portfolio
,Frontend Engineer,Weather Dashboard,Build a weather app with beautiful data visualizations.,Intermediate,"React, TypeScript, Chart.js, API",https://github.com/topics/weather-app
,Frontend Engineer,Component Library,Create a reusable UI component library with Storybook.,Advanced,"React, TypeScript, CSS, Storybook",https://github.com/topics/component-library
,DevOps Engineer,CI/CD Pipeline,Set up automated testing and deployment pipeline.,Intermediate,"Jenkins, Docker, GitHub Actions",https://github.com/topics/cicd
,DevOps Engineer,Infrastructure as Code,Provision cloud infrastructure with Terraform.,Advanced,"Terraform, AWS, Docker",https://github.com/topics/terraform
,DevOps Engineer,Monitoring Dashboard,Build system monitoring with Prometheus and Grafana.,Intermediate,"Docker, Prometheus, Grafana, Linux",https://github.com/topics/monitoring
,Machine Learning Engineer,Image Classifier,Build a CNN-based image classification system.,Intermediate,"Python, TensorFlow, Keras, OpenCV",https://github.com/topics/image-classification
,Machine Learning Engineer,Recommendation Engine,Build a movie/product recommendation system.,Advanced,"Python, Scikit-Learn, Pandas, FastAPI",https://github.com/topics/recommendation-system
,Machine Learning Engineer,Object Detection App,Real-time object detection using YOLO.,Advanced,"Python, PyTorch, OpenCV, Docker",https://github.com/topics/object-detection
,Cloud Architect,Multi-Tier Architecture,Design and deploy a 3-tier cloud architecture.,Advanced,"AWS, Terraform, Docker, Nginx",https://github.com/topics/cloud-architecture
,Cloud Architect,Serverless Application,Build a serverless REST API with Lambda.,Intermediate,"AWS, Serverless, DynamoDB, API Gateway",https://github.com/topics/serverless
,Cybersecurity Analyst,Vulnerability Scanner,Build an automated vulnerability scanning tool.,Advanced,"Python, Nmap, OWASP",https://github.com/topics/vulnerability-scanner
,Cybersecurity Analyst,Network Monitor,Create a network traffic monitoring dashboard.,Intermediate,"Python, Linux, Wireshark",https://github.com/topics/network-monitoring
,Data Engineer,ETL Pipeline,Build an automated ETL pipeline with Airflow.,Intermediate,"Python, Airflow, PostgreSQL, Docker",https://github.com/topics/etl
,Data Engineer,Real-Time Streaming,Process streaming data with Kafka and Spark.,Advanced,"Kafka, Spark, Python, Docker",https://github.com/topics/data-streaming
,UI/UX Designer,Design System,Create a comprehensive design system in Figma.,Intermediate,"Figma, Design Systems",https://github.com/topics/design-system
,UI/UX Designer,Mobile App Redesign,Redesign an existing app with better UX.,Intermediate,"Figma, Prototyping, User Research",https://github.com/topics/ux-design
,Mobile App Developer,Todo App with Sync,Build a cross-platform todo app with cloud sync.,Beginner,"Flutter, Firebase, Dart",https://github.com/topics/todo-app
,Mobile App Developer,Fitness Tracker,Create a fitness tracking app with charts.,Intermediate,"React Native, Firebase, Charts",https://github.com/topics/fitness-app
,Generative AI Engineer,AI Chatbot,Build a RAG-powered chatbot with LangChain.,Intermediate,"Python, LangChain, FastAPI, React",https://github.com/topics/chatbot
,Generative AI Engineer,AI Content Generator,Create an AI-powered blog/content generator.,Advanced,"Python, OpenAI, LangChain, Next.js",https://github.com/topics/ai-content
,Full-Stack AI Developer,AI Resume Analyzer,Build an AI-powered resume analysis platform.,Intermediate,"React, FastAPI, Python, NLP",https://github.com/topics/resume-parser
,Full-Stack AI Developer,Smart Study Planner,AI-powered personalized study plan generator.,Advanced,"React, Node.js, TensorFlow, MongoDB",https://github.com/topics/study-planner
,Data Analyst,Sales Dashboard,Interactive sales analytics dashboard.,Beginner,"Excel, Tableau, SQL",https://github.com/topics/dashboard
,Data Analyst,Survey Analysis Tool,Analyze survey data and generate reports.,Intermediate,"Python, Pandas, Matplotlib, Streamlit",https://github.com/topics/data-analysis
prj_0035,Full-Stack Web Developer,Full-Stack Web Developer Portfolio Project 1,A comprehensive project demonstrating skills required for a Full-Stack Web Developer.,Beginner,"MicroStrategy, ZeroMQ, Machine Learning",https://github.com/example/project
prj_0036,Full-Stack Web Developer,Full-Stack Web Developer Portfolio Project 2,A comprehensive project demonstrating skills required for a Full-Stack Web Developer.,Advanced,"Sequelize, Bootstrap, MySQL",https://github.com/example/project
prj_0037,Data Scientist,Data Scientist Portfolio Project 1,A comprehensive project demonstrating skills required for a Data Scientist.,Advanced,"GraphQL, AR/VR, Event-Driven Architecture",https://github.com/example/project
prj_0038,Data Scientist,Data Scientist Portfolio Project 2,A comprehensive project demonstrating skills required for a Data Scientist.,Advanced,"Kafka, Kubernetes, Looker",https://github.com/example/project
prj_0039,Backend Engineer,Backend Engineer Portfolio Project 1,A comprehensive project demonstrating skills required for a Backend Engineer.,Advanced,"Spacy, Machine Learning, Linear",https://github.com/example/project
prj_0040,Backend Engineer,Backend Engineer Portfolio Project 2,A comprehensive project demonstrating skills required for a Backend Engineer.,Intermediate,"Mailchimp API, Integration Testing, WebSocket",https://github.com/example/project
prj_0041,Frontend Engineer,Frontend Engineer Portfolio Project 1,A comprehensive project demonstrating skills required for a Frontend Engineer.,Intermediate,"jQuery, Blender, Twilio API",https://github.com/example/project
prj_0042,Frontend Engineer,Frontend Engineer Portfolio Project 2,A comprehensive project demonstrating skills required for a Frontend Engineer.,Intermediate,"Azure, Amplitude, Ruby",https://github.com/example/project
prj_0043,DevOps Engineer,DevOps Engineer Portfolio Project 1,A comprehensive project demonstrating skills required for a DevOps Engineer.,Beginner,"Android Studio, Asana, Tailwind CSS",https://github.com/example/project
prj_0044,DevOps Engineer,DevOps Engineer Portfolio Project 2,A comprehensive project demonstrating skills required for a DevOps Engineer.,Intermediate,"SPSS, Auth0, Scala",https://github.com/example/project
prj_0045,Machine Learning Engineer,Machine Learning Engineer Portfolio Project 1,A comprehensive project demonstrating skills required for a Machine Learning Engineer.,Advanced,"Mailchimp API, Presentation Skills, Eleventy",https://github.com/example/project
prj_0046,Machine Learning Engineer,Machine Learning Engineer Portfolio Project 2,A comprehensive project demonstrating skills required for a Machine Learning Engineer.,Advanced,"Kotlin, RabbitMQ, ZeroMQ",https://github.com/example/project
prj_0047,Cloud Architect,Cloud Architect Portfolio Project 1,A comprehensive project demonstrating skills required for a Cloud Architect.,Beginner,"AR/VR, Chef, AWS Route 53",https://github.com/example/project
prj_0048,Cloud Architect,Cloud Architect Portfolio Project 2,A comprehensive project demonstrating skills required for a Cloud Architect.,Advanced,"Eleventy, Docker, WebStorm",https://github.com/example/project
prj_0049,Cybersecurity Analyst,Cybersecurity Analyst Portfolio Project 1,A comprehensive project demonstrating skills required for a Cybersecurity Analyst.,Beginner,"Ansible, Azure Kubernetes Service, LangChain",https://github.com/example/project
prj_0050,Cybersecurity Analyst,Cybersecurity Analyst Portfolio Project 2,A comprehensive project demonstrating skills required for a Cybersecurity Analyst.,Beginner,"Flutter, AWS Cognito, Puppet",https://github.com/example/project
prj_0051,Data Engineer,Data Engineer Portfolio Project 1,A comprehensive project demonstrating skills required for a Data Engineer.,Beginner,"LangChain, ASP.NET, C++",https://github.com/example/project
prj_0052,Data Engineer,Data Engineer Portfolio Project 2,A comprehensive project demonstrating skills required for a Data Engineer.,Advanced,"System Design, Datadog, ESLint",https://github.com/example/project
prj_0053,UI/UX Designer,UI/UX Designer Portfolio Project 1,A comprehensive project demonstrating skills required for a UI/UX Designer.,Beginner,"Presentation Skills, Adobe XD, Algolia",https://github.com/example/project
prj_0054,UI/UX Designer,UI/UX Designer Portfolio Project 2,A comprehensive project demonstrating skills required for a UI/UX Designer.,Advanced,"Responsive Design, GCP, Vim",https://github.com/example/project
prj_0055,Mobile App Developer,Mobile App Developer Portfolio Project 1,A comprehensive project demonstrating skills required for a Mobile App Developer.,Advanced,"Recoil, Mongoose, C++",https://github.com/example/project
prj_0056,Mobile App Developer,Mobile App Developer Portfolio Project 2,A comprehensive project demonstrating skills required for a Mobile App Developer.,Advanced,"Bitbucket, C#, MeiliSearch",https://github.com/example/project
prj_0057,AI/NLP Engineer,AI/NLP Engineer Portfolio Project 1,A comprehensive project demonstrating skills required for a AI/NLP Engineer.,Beginner,"KNIME, Angular, Substance Painter",https://github.com/example/project
prj_0058,AI/NLP Engineer,AI/NLP Engineer Portfolio Project 2,A comprehensive project demonstrating skills required for a AI/NLP Engineer.,Advanced,"Problem Solving, Neo4j, SVN",https://github.com/example/project
prj_0059,Blockchain Developer,Blockchain Developer Portfolio Project 1,A comprehensive project demonstrating skills required for a Blockchain Developer.,Advanced,"Hugo, Cassandra, Cloud Computing",https://github.com/example/project
prj_0060,Blockchain Developer,Blockchain Developer Portfolio Project 2,A comprehensive project demonstrating skills required for a Blockchain Developer.,Intermediate,"Gensim, Mongoose, Seaborn",https://github.com/example/project
prj_0061,Game Developer,Game Developer Portfolio Project 1,A comprehensive project demonstrating skills required for a Game Developer.,Intermediate,"MeiliSearch, Unity, CI/CD",https://github.com/example/project
prj_0062,Game Developer,Game Developer Portfolio Project 2,A comprehensive project demonstrating skills required for a Game Developer.,Advanced,"SPSS, Statsmodels, AWS Cognito",https://github.com/example/project
prj_0063,Site Reliability Engineer,Site Reliability Engineer Portfolio Project 1,A comprehensive project demonstrating skills required for a Site Reliability Engineer.,Beginner,"Zoom, Prisma, Revit",https://github.com/example/project
prj_0064,Site Reliability Engineer,Site Reliability Engineer Portfolio Project 2,A comprehensive project demonstrating skills required for a Site Reliability Engineer.,Intermediate,"AWS SQS, dbt, RapidMiner",https://github.com/example/project
prj_0065,Data Analyst,Data Analyst Portfolio Project 1,A comprehensive project demonstrating skills required for a Data Analyst.,Advanced,"Presentation Skills, Airflow, Netlify",https://github.com/example/project
prj_0066,Data Analyst,Data Analyst Portfolio Project 2,A comprehensive project demonstrating skills required for a Data Analyst.,Advanced,"Firebase, Spark, MeiliSearch",https://github.com/example/project
prj_0067,Product Manager,Product Manager Portfolio Project 1,A comprehensive project demonstrating skills required for a Product Manager.,Beginner,"Ruby, Critical Thinking, Communication",https://github.com/example/project
prj_0068,Product Manager,Product Manager Portfolio Project 2,A comprehensive project demonstrating skills required for a Product Manager.,Intermediate,"Prettier, Power BI, GCP Cloud Storage",https://github.com/example/project
prj_0069,Solutions Architect,Solutions Architect Portfolio Project 1,A comprehensive project demonstrating skills required for a Solutions Architect.,Intermediate,"Looker, Babel, MongoDB",https://github.com/example/project
prj_0070,Solutions Architect,Solutions Architect Portfolio Project 2,A comprehensive project demonstrating skills required for a Solutions Architect.,Beginner,"jQuery, Postman, Communication",https://github.com/example/project
prj_0071,QA/Test Automation Engineer,QA/Test Automation Engineer Portfolio Project 1,A comprehensive project demonstrating skills required for a QA/Test Automation Engineer.,Intermediate,"SAML, Algolia, Godot",https://github.com/example/project
prj_0072,QA/Test Automation Engineer,QA/Test Automation Engineer Portfolio Project 2,A comprehensive project demonstrating skills required for a QA/Test Automation Engineer.,Beginner,"API Design, Probability, React Native",https://github.com/example/project
prj_0073,Technical Writer,Technical Writer Portfolio Project 1,A comprehensive project demonstrating skills required for a Technical Writer.,Advanced,"Swagger, AWS SNS, OpenAPI",https://github.com/example/project
prj_0074,Technical Writer,Technical Writer Portfolio Project 2,A comprehensive project demonstrating skills required for a Technical Writer.,Advanced,"GraphQL API, Data Engineering, React Native",https://github.com/example/project
prj_0075,IoT Developer,IoT Developer Portfolio Project 1,A comprehensive project demonstrating skills required for a IoT Developer.,Advanced,"Segment, Framer, Flutter",https://github.com/example/project
prj_0076,IoT Developer,IoT Developer Portfolio Project 2,A comprehensive project demonstrating skills required for a IoT Developer.,Intermediate,"Grafana, OWASP, Scrum",https://github.com/example/project
prj_0077,Platform Engineer,Platform Engineer Portfolio Project 1,A comprehensive project demonstrating skills required for a Platform Engineer.,Advanced,"Serverless, Pandas, Sketch",https://github.com/example/project
prj_0078,Platform Engineer,Platform Engineer Portfolio Project 2,A comprehensive project demonstrating skills required for a Platform Engineer.,Beginner,"CatBoost, R, Vercel",https://github.com/example/project
prj_0079,Generative AI Engineer,Generative AI Engineer Portfolio Project 1,A comprehensive project demonstrating skills required for a Generative AI Engineer.,Advanced,"Maya, Redux Toolkit, Blockchain",https://github.com/example/project
prj_0080,Generative AI Engineer,Generative AI Engineer Portfolio Project 2,A comprehensive project demonstrating skills required for a Generative AI Engineer.,Advanced,"Looker, Ansible, Miro",https://github.com/example/project
prj_0081,Computer Vision Engineer,Computer Vision Engineer Portfolio Project 1,A comprehensive project demonstrating skills required for a Computer Vision Engineer.,Intermediate,"GCP BigQuery, ASP.NET, OpenID Connect",https://github.com/example/project
prj_0082,Computer Vision Engineer,Computer Vision Engineer Portfolio Project 2,A comprehensive project demonstrating skills required for a Computer Vision Engineer.,Intermediate,"Neo4j, Linux, Google Maps API",https://github.com/example/project
prj_0083,Full-Stack AI Developer,Full-Stack AI Developer Portfolio Project 1,A comprehensive project demonstrating skills required for a Full-Stack AI Developer.,Advanced,"Fusion 360, Mercurial, Insomnia",https://github.com/example/project
prj_0084,Full-Stack AI Developer,Full-Stack AI Developer Portfolio Project 2,A comprehensive project demonstrating skills required for a Full-Stack AI Developer.,Intermediate,"Chart.js, Jest, Problem Solving",https://github.com/example/project
prj_0085,Junior Frontend Developer,Junior Frontend Developer Portfolio Project 1,A comprehensive project demonstrating skills required for a Junior Frontend Developer.,Intermediate,"Matplotlib, DynamoDB, Chart.js",https://github.com/example/project
prj_0086,Junior Frontend Developer,Junior Frontend Developer Portfolio Project 2,A comprehensive project demonstrating skills required for a Junior Frontend Developer.,Beginner,"AWS SNS, Xcode, InVision",https://github.com/example/project
prj_0087,Junior Backend Developer,Junior Backend Developer Portfolio Project 1,A comprehensive project demonstrating skills required for a Junior Backend Developer.,Intermediate,"Prometheus, SASS, Vite",https://github.com/example/project
prj_0088,Junior Backend Developer,Junior Backend Developer Portfolio Project 2,A comprehensive project demonstrating skills required for a Junior Backend Developer.,Advanced,"Presentation Skills, SAML, VS Code",https://github.com/example/project
prj_0089,Junior Full Stack Developer,Junior Full Stack Developer Portfolio Project 1,A comprehensive project demonstrating skills required for a Junior Full Stack Developer.,Beginner,"Grafana, Vue.js, HTML",https://github.com/example/project
prj_0090,Junior Full Stack Developer,Junior Full Stack Developer Portfolio Project 2,A comprehensive project demonstrating skills required for a Junior Full Stack Developer.,Advanced,"Remix, Braintree, Transformers",https://github.com/example/project
prj_0091,Junior Data Scientist,Junior Data Scientist Portfolio Project 1,A comprehensive project demonstrating skills required for a Junior Data Scientist.,Advanced,"SQLite, Time Management, MicroStrategy",https://github.com/example/project
prj_0092,Junior Data Scientist,Junior Data Scientist Portfolio Project 2,A comprehensive project demonstrating skills required for a Junior Data Scientist.,Advanced,"LogRocket, Message Queues, Firebase Auth",https://github.com/example/project
prj_0093,Junior DevOps Engineer,Junior DevOps Engineer Portfolio Project 1,A comprehensive project demonstrating skills required for a Junior DevOps Engineer.,Beginner,"Data Engineering, AWS IAM, FastAPI",https://github.com/example/project
prj_0094,Junior DevOps Engineer,Junior DevOps Engineer Portfolio Project 2,A comprehensive project demonstrating skills required for a Junior DevOps Engineer.,Beginner,"Orange, New Relic, SQL",https://github.com/example/project
prj_0095,Junior Cloud Architect,Junior Cloud Architect Portfolio Project 1,A comprehensive project demonstrating skills required for a Junior Cloud Architect.,Beginner,"Neural Networks, Supabase, AWS CloudFront",https://github.com/example/project
prj_0096,Junior Cloud Architect,Junior Cloud Architect Portfolio Project 2,A comprehensive project demonstrating skills required for a Junior Cloud Architect.,Beginner,"AWS S3, Gensim, Supabase Auth",https://github.com/example/project
prj_0097,Junior Product Manager,Junior Product Manager Portfolio Project 1,A comprehensive project demonstrating skills required for a Junior Product Manager.,Intermediate,"Probability, Vue.js, Tailwind CSS",https://github.com/example/project
prj_0098,Junior Product Manager,Junior Product Manager Portfolio Project 2,A comprehensive project demonstrating skills required for a Junior Product Manager.,Beginner,"Data Visualization, Puppeteer, AWS Lambda",https://github.com/example/project
prj_0099,Junior UI/UX Designer,Junior UI/UX Designer Portfolio Project 1,A comprehensive project demonstrating skills required for a Junior UI/UX Designer.,Intermediate,"Data Engineering, HTML, Transformers",https://github.com/example/project
prj_0100,Junior UI/UX Designer,Junior UI/UX Designer Portfolio Project 2,A comprehensive project demonstrating skills required for a Junior UI/UX Designer.,Advanced,"Nuxt.js, Docker Compose, Puppet",https://github.com/example/project
prj_0101,Junior Mobile Developer,Junior Mobile Developer Portfolio Project 1,A comprehensive project demonstrating skills required for a Junior Mobile Developer.,Beginner,"Esbuild, Datadog, RxJS",https://github.com/example/project
prj_0102,Junior Mobile Developer,Junior Mobile Developer Portfolio Project 2,A comprehensive project demonstrating skills required for a Junior Mobile Developer.,Intermediate,"Big Data, Spark, NLTK",https://github.com/example/project
prj_0103,Junior QA Engineer,Junior QA Engineer Portfolio Project 1,A comprehensive project demonstrating skills required for a Junior QA Engineer.,Beginner,"Cassandra, Playwright, macOS",https://github.com/example/project
prj_0104,Junior QA Engineer,Junior QA Engineer Portfolio Project 2,A comprehensive project demonstrating skills required for a Junior QA Engineer.,Intermediate,"Azure, Memcached, Azure Blob Storage",https://github.com/example/project
prj_0105,Junior Security Analyst,Junior Security Analyst Portfolio Project 1,A comprehensive project demonstrating skills required for a Junior Security Analyst.,Intermediate,"Mongoose, Tailwind CSS, Unity",https://github.com/example/project
prj_0106,Junior Security Analyst,Junior Security Analyst Portfolio Project 2,A comprehensive project demonstrating skills required for a Junior Security Analyst.,Beginner,"LogRocket, OpenID Connect, Laravel",https://github.com/example/project
prj_0107,Junior Database Administrator,Junior Database Administrator Portfolio Project 1,A comprehensive project demonstrating skills required for a Junior Database Administrator.,Advanced,"Supabase Auth, Zustand, Responsive Design",https://github.com/example/project
prj_0108,Junior Database Administrator,Junior Database Administrator Portfolio Project 2,A comprehensive project demonstrating skills required for a Junior Database Administrator.,Advanced,"Remix, OpenID Connect, Sentry",https://github.com/example/project
prj_0109,Senior Frontend Developer,Senior Frontend Developer Portfolio Project 1,A comprehensive project demonstrating skills required for a Senior Frontend Developer.,Beginner,"NATS, Katalon, gRPC",https://github.com/example/project
prj_0110,Senior Frontend Developer,Senior Frontend Developer Portfolio Project 2,A comprehensive project demonstrating skills required for a Senior Frontend Developer.,Intermediate,"Mercurial, Ruby, Serverless",https://github.com/example/project
prj_0111,Senior Backend Developer,Senior Backend Developer Portfolio Project 1,A comprehensive project demonstrating skills required for a Senior Backend Developer.,Beginner,"Spring Boot, jQuery, Notion",https://github.com/example/project
prj_0112,Senior Backend Developer,Senior Backend Developer Portfolio Project 2,A comprehensive project demonstrating skills required for a Senior Backend Developer.,Advanced,"Altair, MATLAB, Godot",https://github.com/example/project
prj_0113,Senior Full Stack Developer,Senior Full Stack Developer Portfolio Project 1,A comprehensive project demonstrating skills required for a Senior Full Stack Developer.,Beginner,"WebSocket, LightGBM, Statistics",https://github.com/example/project
prj_0114,Senior Full Stack Developer,Senior Full Stack Developer Portfolio Project 2,A comprehensive project demonstrating skills required for a Senior Full Stack Developer.,Intermediate,"Cybersecurity, Kotlin, Grafana",https://github.com/example/project
prj_0115,Senior Data Scientist,Senior Data Scientist Portfolio Project 1,A comprehensive project demonstrating skills required for a Senior Data Scientist.,Beginner,"Heroku, Data Warehousing, ETL",https://github.com/example/project
prj_0116,Senior Data Scientist,Senior Data Scientist Portfolio Project 2,A comprehensive project demonstrating skills required for a Senior Data Scientist.,Beginner,"Tableau, Lint-staged, MySQL",https://github.com/example/project
prj_0117,Senior DevOps Engineer,Senior DevOps Engineer Portfolio Project 1,A comprehensive project demonstrating skills required for a Senior DevOps Engineer.,Intermediate,"Figma, Project Management, Jetpack Compose",https://github.com/example/project
prj_0118,Senior DevOps Engineer,Senior DevOps Engineer Portfolio Project 2,A comprehensive project demonstrating skills required for a Senior DevOps Engineer.,Beginner,"Redux, Neural Networks, JavaScript",https://github.com/example/project
prj_0119,Senior Cloud Architect,Senior Cloud Architect Portfolio Project 1,A comprehensive project demonstrating skills required for a Senior Cloud Architect.,Intermediate,"WebSockets, Responsive Design, GitHub Actions",https://github.com/example/project
prj_0120,Senior Cloud Architect,Senior Cloud Architect Portfolio Project 2,A comprehensive project demonstrating skills required for a Senior Cloud Architect.,Intermediate,"MATLAB, Railway, Pillow",https://github.com/example/project
prj_0121,Senior Product Manager,Senior Product Manager Portfolio Project 1,A comprehensive project demonstrating skills required for a Senior Product Manager.,Intermediate,"Apollo, Gensim, Snowflake",https://github.com/example/project
prj_0122,Senior Product Manager,Senior Product Manager Portfolio Project 2,A comprehensive project demonstrating skills required for a Senior Product Manager.,Beginner,"VS Code, Bokeh, SQLite",https://github.com/example/project
prj_0123,Senior UI/UX Designer,Senior UI/UX Designer Portfolio Project 1,A comprehensive project demonstrating skills required for a Senior UI/UX Designer.,Advanced,"Docker Compose, Figma, Statistics",https://github.com/example/project
prj_0124,Senior UI/UX Designer,Senior UI/UX Designer Portfolio Project 2,A comprehensive project demonstrating skills required for a Senior UI/UX Designer.,Beginner,"Trello, Xcode, Azure Kubernetes Service",https://github.com/example/project
prj_0125,Senior Mobile Developer,Senior Mobile Developer Portfolio Project 1,A comprehensive project demonstrating skills required for a Senior Mobile Developer.,Advanced,"SwiftUI, Go, iOS Development",https://github.com/example/project
prj_0126,Senior Mobile Developer,Senior Mobile Developer Portfolio Project 2,A comprehensive project demonstrating skills required for a Senior Mobile Developer.,Beginner,"tRPC, PowerShell, MobX",https://github.com/example/project
prj_0127,Senior QA Engineer,Senior QA Engineer Portfolio Project 1,A comprehensive project demonstrating skills required for a Senior QA Engineer.,Beginner,"C#, Svelte, GCP",https://github.com/example/project
prj_0128,Senior QA Engineer,Senior QA Engineer Portfolio Project 2,A comprehensive project demonstrating skills required for a Senior QA Engineer.,Advanced,"MeiliSearch, Security Auditing, Twilio API",https://github.com/example/project
prj_0129,Senior Security Analyst,Senior Security Analyst Portfolio Project 1,A comprehensive project demonstrating skills required for a Senior Security Analyst.,Advanced,"Emacs, SQLite, Message Queues",https://github.com/example/project
prj_0130,Senior Security Analyst,Senior Security Analyst Portfolio Project 2,A comprehensive project demonstrating skills required for a Senior Security Analyst.,Intermediate,"IoT, Gensim, Firebase",https://github.com/example/project
prj_0131,Senior Database Administrator,Senior Database Administrator Portfolio Project 1,A comprehensive project demonstrating skills required for a Senior Database Administrator.,Intermediate,"Nginx, TypeScript, Express",https://github.com/example/project
prj_0132,Senior Database Administrator,Senior Database Administrator Portfolio Project 2,A comprehensive project demonstrating skills required for a Senior Database Administrator.,Advanced,"Kafka, Azure, WebSocket",https://github.com/example/project
prj_0133,Lead Frontend Developer,Lead Frontend Developer Portfolio Project 1,A comprehensive project demonstrating skills required for a Lead Frontend Developer.,Beginner,"Angular, REST API, Snowflake",https://github.com/example/project
prj_0134,Lead Frontend Developer,Lead Frontend Developer Portfolio Project 2,A comprehensive project demonstrating skills required for a Lead Frontend Developer.,Beginner,"Esbuild, Recoil, Slack",https://github.com/example/project
prj_0135,Lead Backend Developer,Lead Backend Developer Portfolio Project 1,A comprehensive project demonstrating skills required for a Lead Backend Developer.,Advanced,"KNIME, Prophet, Domain-Driven Design",https://github.com/example/project
prj_0136,Lead Backend Developer,Lead Backend Developer Portfolio Project 2,A comprehensive project demonstrating skills required for a Lead Backend Developer.,Beginner,"Highcharts, AWS IAM, Probability",https://github.com/example/project
prj_0137,Lead Full Stack Developer,Lead Full Stack Developer Portfolio Project 1,A comprehensive project demonstrating skills required for a Lead Full Stack Developer.,Beginner,"Xcode, Parcel, 3ds Max",https://github.com/example/project
prj_0138,Lead Full Stack Developer,Lead Full Stack Developer Portfolio Project 2,A comprehensive project demonstrating skills required for a Lead Full Stack Developer.,Intermediate,"Streamlit, Spark, Redux Toolkit",https://github.com/example/project
prj_0139,Lead Data Scientist,Lead Data Scientist Portfolio Project 1,A comprehensive project demonstrating skills required for a Lead Data Scientist.,Advanced,"SQL, IoT, Helm",https://github.com/example/project
prj_0140,Lead Data Scientist,Lead Data Scientist Portfolio Project 2,A comprehensive project demonstrating skills required for a Lead Data Scientist.,Beginner,"RxJS, Windows, RabbitMQ",https://github.com/example/project
prj_0141,Lead DevOps Engineer,Lead DevOps Engineer Portfolio Project 1,A comprehensive project demonstrating skills required for a Lead DevOps Engineer.,Advanced,"SVN, Postman, NumPy",https://github.com/example/project
prj_0142,Lead DevOps Engineer,Lead DevOps Engineer Portfolio Project 2,A comprehensive project demonstrating skills required for a Lead DevOps Engineer.,Advanced,"Rust, Excel, Nginx",https://github.com/example/project
prj_0143,Lead Cloud Architect,Lead Cloud Architect Portfolio Project 1,A comprehensive project demonstrating skills required for a Lead Cloud Architect.,Beginner,"Bokeh, Swagger, Project Management",https://github.com/example/project
prj_0144,Lead Cloud Architect,Lead Cloud Architect Portfolio Project 2,A comprehensive project demonstrating skills required for a Lead Cloud Architect.,Advanced,"Zsh, Husky, Ansible",https://github.com/example/project
prj_0145,Lead Product Manager,Lead Product Manager Portfolio Project 1,A comprehensive project demonstrating skills required for a Lead Product Manager.,Intermediate,"Message Queues, Mailchimp API, Project Management",https://github.com/example/project
prj_0146,Lead Product Manager,Lead Product Manager Portfolio Project 2,A comprehensive project demonstrating skills required for a Lead Product Manager.,Beginner,"DynamoDB, Framer, Time Management",https://github.com/example/project
prj_0147,Lead UI/UX Designer,Lead UI/UX Designer Portfolio Project 1,A comprehensive project demonstrating skills required for a Lead UI/UX Designer.,Beginner,"Transformers, Visual Studio, Altair",https://github.com/example/project
prj_0148,Lead UI/UX Designer,Lead UI/UX Designer Portfolio Project 2,A comprehensive project demonstrating skills required for a Lead UI/UX Designer.,Advanced,"SVN, Azure VMs, Hugging Face",https://github.com/example/project
prj_0149,Lead Mobile Developer,Lead Mobile Developer Portfolio Project 1,A comprehensive project demonstrating skills required for a Lead Mobile Developer.,Beginner,"Hugging Face, Critical Thinking, Mocha",https://github.com/example/project
prj_0150,Lead Mobile Developer,Lead Mobile Developer Portfolio Project 2,A comprehensive project demonstrating skills required for a Lead Mobile Developer.,Advanced,"Data Modeling, Matplotlib, Remix",https://github.com/example/project
prj_0151,Lead QA Engineer,Lead QA Engineer Portfolio Project 1,A comprehensive project demonstrating skills required for a Lead QA Engineer.,Advanced,"SVN, Hugo, Django",https://github.com/example/project
prj_0152,Lead QA Engineer,Lead QA Engineer Portfolio Project 2,A comprehensive project demonstrating skills required for a Lead QA Engineer.,Beginner,"Cypress, Snowflake, Amplitude",https://github.com/example/project
prj_0153,Lead Security Analyst,Lead Security Analyst Portfolio Project 1,A comprehensive project demonstrating skills required for a Lead Security Analyst.,Advanced,"Wireframing, WebStorm, ZBrush",https://github.com/example/project
prj_0154,Lead Security Analyst,Lead Security Analyst Portfolio Project 2,A comprehensive project demonstrating skills required for a Lead Security Analyst.,Intermediate,"Blender, WebRTC, Rollup",https://github.com/example/project
prj_0155,Lead Database Administrator,Lead Database Administrator Portfolio Project 1,A comprehensive project demonstrating skills required for a Lead Database Administrator.,Advanced,"Segment, Alteryx, Cloud Computing",https://github.com/example/project
prj_0156,Lead Database Administrator,Lead Database Administrator Portfolio Project 2,A comprehensive project demonstrating skills required for a Lead Database Administrator.,Advanced,"GraphQL, Probability, Plotly",https://github.com/example/project
prj_0157,Principal Frontend Developer,Principal Frontend Developer Portfolio Project 1,A comprehensive project demonstrating skills required for a Principal Frontend Developer.,Intermediate,"Ruby, TensorFlow, Prometheus",https://github.com/example/project
prj_0158,Principal Frontend Developer,Principal Frontend Developer Portfolio Project 2,A comprehensive project demonstrating skills required for a Principal Frontend Developer.,Advanced,"IoT, Eclipse, Webpack",https://github.com/example/project
prj_0159,Principal Backend Developer,Principal Backend Developer Portfolio Project 1,A comprehensive project demonstrating skills required for a Principal Backend Developer.,Beginner,"Integration Testing, Firebase Auth, Node.js",https://github.com/example/project
prj_0160,Principal Backend Developer,Principal Backend Developer Portfolio Project 2,A comprehensive project demonstrating skills required for a Principal Backend Developer.,Advanced,"Linear, Network Security, Blockchain",https://github.com/example/project
prj_0161,Principal Full Stack Developer,Principal Full Stack Developer Portfolio Project 1,A comprehensive project demonstrating skills required for a Principal Full Stack Developer.,Beginner,"SwiftUI, Event-Driven Architecture, Generative AI",https://github.com/example/project
prj_0162,Principal Full Stack Developer,Principal Full Stack Developer Portfolio Project 2,A comprehensive project demonstrating skills required for a Principal Full Stack Developer.,Intermediate,"Recoil, Puppet, Security Auditing",https://github.com/example/project
prj_0163,Principal Data Scientist,Principal Data Scientist Portfolio Project 1,A comprehensive project demonstrating skills required for a Principal Data Scientist.,Intermediate,"Hugo, Hugging Face, Render",https://github.com/example/project
prj_0164,Principal Data Scientist,Principal Data Scientist Portfolio Project 2,A comprehensive project demonstrating skills required for a Principal Data Scientist.,Advanced,"Azure Blob Storage, Microsoft Teams, Eclipse",https://github.com/example/project
prj_0165,Principal DevOps Engineer,Principal DevOps Engineer Portfolio Project 1,A comprehensive project demonstrating skills required for a Principal DevOps Engineer.,Advanced,"Datadog, Stata, Elasticsearch",https://github.com/example/project
prj_0166,Principal DevOps Engineer,Principal DevOps Engineer Portfolio Project 2,A comprehensive project demonstrating skills required for a Principal DevOps Engineer.,Intermediate,"Security Auditing, gRPC, Zoom",https://github.com/example/project
prj_0167,Principal Cloud Architect,Principal Cloud Architect Portfolio Project 1,A comprehensive project demonstrating skills required for a Principal Cloud Architect.,Beginner,"Tableau, Chef, Leadership",https://github.com/example/project
prj_0168,Principal Cloud Architect,Principal Cloud Architect Portfolio Project 2,A comprehensive project demonstrating skills required for a Principal Cloud Architect.,Advanced,"Spacy, Render, DigitalOcean Spaces",https://github.com/example/project
prj_0169,Principal Product Manager,Principal Product Manager Portfolio Project 1,A comprehensive project demonstrating skills required for a Principal Product Manager.,Advanced,"SOC Analysis, MicroStrategy, Cypress",https://github.com/example/project
prj_0170,Principal Product Manager,Principal Product Manager Portfolio Project 2,A comprehensive project demonstrating skills required for a Principal Product Manager.,Advanced,"gRPC, Jotai, Caching",https://github.com/example/project
prj_0171,Principal UI/UX Designer,Principal UI/UX Designer Portfolio Project 1,A comprehensive project demonstrating skills required for a Principal UI/UX Designer.,Intermediate,"Elasticsearch, Vite, Deep Learning",https://github.com/example/project
prj_0172,Principal UI/UX Designer,Principal UI/UX Designer Portfolio Project 2,A comprehensive project demonstrating skills required for a Principal UI/UX Designer.,Intermediate,"AWS SQS, MeiliSearch, Grafana",https://github.com/example/project
prj_0173,Principal Mobile Developer,Principal Mobile Developer Portfolio Project 1,A comprehensive project demonstrating skills required for a Principal Mobile Developer.,Advanced,"Deep Learning, Data Visualization, Vim",https://github.com/example/project
prj_0174,Principal Mobile Developer,Principal Mobile Developer Portfolio Project 2,A comprehensive project demonstrating skills required for a Principal Mobile Developer.,Beginner,"Fly.io, Ethical Hacking, Express",https://github.com/example/project
prj_0175,Principal QA Engineer,Principal QA Engineer Portfolio Project 1,A comprehensive project demonstrating skills required for a Principal QA Engineer.,Intermediate,"Presentation Skills, macOS, Problem Solving",https://github.com/example/project
prj_0176,Principal QA Engineer,Principal QA Engineer Portfolio Project 2,A comprehensive project demonstrating skills required for a Principal QA Engineer.,Beginner,"PHP, OpenID Connect, Chef",https://github.com/example/project
prj_0177,Principal Security Analyst,Principal Security Analyst Portfolio Project 1,A comprehensive project demonstrating skills required for a Principal Security Analyst.,Intermediate,"Leadership, Problem Solving, Webpack",https://github.com/example/project
prj_0178,Principal Security Analyst,Principal Security Analyst Portfolio Project 2,A comprehensive project demonstrating skills required for a Principal Security Analyst.,Advanced,"Godot, SAS, ETL",https://github.com/example/project
prj_0179,Principal Database Administrator,Principal Database Administrator Portfolio Project 1,A comprehensive project demonstrating skills required for a Principal Database Administrator.,Intermediate,"Matplotlib, DynamoDB, R",https://github.com/example/project
prj_0180,Principal Database Administrator,Principal Database Administrator Portfolio Project 2,A comprehensive project demonstrating skills required for a Principal Database Administrator.,Intermediate,"InVision, Network Security, Angular",https://github.com/example/project
prj_0181,Full-Stack Web Developer,Full-Stack Web Developer Portfolio Project 1,A comprehensive project demonstrating skills required for a Full-Stack Web Developer.,Intermediate,"Problem Solving, tRPC, Svelte",https://github.com/example/project
prj_0182,Full-Stack Web Developer,Full-Stack Web Developer Portfolio Project 2,A comprehensive project demonstrating skills required for a Full-Stack Web Developer.,Advanced,"Zoom, Puppet, GCP Cloud SQL",https://github.com/example/project
prj_0183,Data Scientist,Data Scientist Portfolio Project 1,A comprehensive project demonstrating skills required for a Data Scientist.,Beginner,"R, Problem Solving, Auth0",https://github.com/example/project
prj_0184,Data Scientist,Data Scientist Portfolio Project 2,A comprehensive project demonstrating skills required for a Data Scientist.,Advanced,"R, SVN, Linux",https://github.com/example/project
prj_0185,Backend Engineer,Backend Engineer Portfolio Project 1,A comprehensive project demonstrating skills required for a Backend Engineer.,Beginner,"Ansible, Probability, AWS SNS",https://github.com/example/project
prj_0186,Backend Engineer,Backend Engineer Portfolio Project 2,A comprehensive project demonstrating skills required for a Backend Engineer.,Intermediate,"Zsh, REST API, LangChain",https://github.com/example/project
prj_0187,Frontend Engineer,Frontend Engineer Portfolio Project 1,A comprehensive project demonstrating skills required for a Frontend Engineer.,Advanced,"Neo4j, InVision, Memcached",https://github.com/example/project
prj_0188,Frontend Engineer,Frontend Engineer Portfolio Project 2,A comprehensive project demonstrating skills required for a Frontend Engineer.,Beginner,"Bash, Fusion 360, Notion",https://github.com/example/project
prj_0189,DevOps Engineer,DevOps Engineer Portfolio Project 1,A comprehensive project demonstrating skills required for a DevOps Engineer.,Beginner,"AWS CloudFront, PHP, Clerk",https://github.com/example/project
prj_0190,DevOps Engineer,DevOps Engineer Portfolio Project 2,A comprehensive project demonstrating skills required for a DevOps Engineer.,Intermediate,"Data Analysis, Chef, Webpack",https://github.com/example/project
prj_0191,Machine Learning Engineer,Machine Learning Engineer Portfolio Project 1,A comprehensive project demonstrating skills required for a Machine Learning Engineer.,Intermediate,"Render, Java, GitHub Actions",https://github.com/example/project
prj_0192,Machine Learning Engineer,Machine Learning Engineer Portfolio Project 2,A comprehensive project demonstrating skills required for a Machine Learning Engineer.,Beginner,"OpenID Connect, ZeroMQ, Unity",https://github.com/example/project
prj_0193,Cloud Architect,Cloud Architect Portfolio Project 1,A comprehensive project demonstrating skills required for a Cloud Architect.,Beginner,"NoSQL, NLTK, Spark",https://github.com/example/project
prj_0194,Cloud Architect,Cloud Architect Portfolio Project 2,A comprehensive project demonstrating skills required for a Cloud Architect.,Advanced,"Chai, Sketch, Godot",https://github.com/example/project
prj_0195,Cybersecurity Analyst,Cybersecurity Analyst Portfolio Project 1,A comprehensive project demonstrating skills required for a Cybersecurity Analyst.,Beginner,"Nginx, Puppet, Android Studio",https://github.com/example/project
prj_0196,Cybersecurity Analyst,Cybersecurity Analyst Portfolio Project 2,A comprehensive project demonstrating skills required for a Cybersecurity Analyst.,Advanced,"Pillow, GCP Kubernetes Engine, DigitalOcean Spaces",https://github.com/example/project
prj_0197,Data Engineer,Data Engineer Portfolio Project 1,A comprehensive project demonstrating skills required for a Data Engineer.,Beginner,"Integration Testing, Mongoose, Amplitude",https://github.com/example/project
prj_0198,Data Engineer,Data Engineer Portfolio Project 2,A comprehensive project demonstrating skills required for a Data Engineer.,Advanced,"RxJS, AWS EC2, AWS DynamoDB",https://github.com/example/project
prj_0199,UI/UX Designer,UI/UX Designer Portfolio Project 1,A comprehensive project demonstrating skills required for a UI/UX Designer.,Advanced,"Swagger, SPSS, R",https://github.com/example/project
prj_0200,UI/UX Designer,UI/UX Designer Portfolio Project 2,A comprehensive project demonstrating skills required for a UI/UX Designer.,Beginner,"Excel, Power BI, GCP",https://github.com/example/project
prj_0201,Mobile App Developer,Mobile App Developer Portfolio Project 1,A comprehensive project demonstrating skills required for a Mobile App Developer.,Advanced,"Alteryx, CI/CD, Android Development",https://github.com/example/project
prj_0202,Mobile App Developer,Mobile App Developer Portfolio Project 2,A comprehensive project demonstrating skills required for a Mobile App Developer.,Advanced,"PayPal API, Eleventy, Heroku",https://github.com/example/project
prj_0203,AI/NLP Engineer,AI/NLP Engineer Portfolio Project 1,A comprehensive project demonstrating skills required for a AI/NLP Engineer.,Beginner,"NextAuth, OpenAPI, Babel",https://github.com/example/project
prj_0204,AI/NLP Engineer,AI/NLP Engineer Portfolio Project 2,A comprehensive project demonstrating skills required for a AI/NLP Engineer.,Beginner,"Babel, Chef, WebHooks",https://github.com/example/project
prj_0205,Blockchain Developer,Blockchain Developer Portfolio Project 1,A comprehensive project demonstrating skills required for a Blockchain Developer.,Beginner,"Django, C++, Agile",https://github.com/example/project
prj_0206,Blockchain Developer,Blockchain Developer Portfolio Project 2,A comprehensive project demonstrating skills required for a Blockchain Developer.,Beginner,"Natural Language Processing, JavaScript, GCP BigQuery",https://github.com/example/project
prj_0207,Game Developer,Game Developer Portfolio Project 1,A comprehensive project demonstrating skills required for a Game Developer.,Beginner,"Godot, Bootstrap, Sequelize",https://github.com/example/project
prj_0208,Game Developer,Game Developer Portfolio Project 2,A comprehensive project demonstrating skills required for a Game Developer.,Intermediate,"Webpack, Laravel, Rust",https://github.com/example/project
prj_0209,Site Reliability Engineer,Site Reliability Engineer Portfolio Project 1,A comprehensive project demonstrating skills required for a Site Reliability Engineer.,Intermediate,"Visual Studio, Laravel, Apollo",https://github.com/example/project
prj_0210,Site Reliability Engineer,Site Reliability Engineer Portfolio Project 2,A comprehensive project demonstrating skills required for a Site Reliability Engineer.,Intermediate,"Neural Networks, Microsoft Teams, Probability",https://github.com/example/project
prj_0211,Data Analyst,Data Analyst Portfolio Project 1,A comprehensive project demonstrating skills required for a Data Analyst.,Intermediate,"TypeScript, Cassandra, PowerShell",https://github.com/example/project
prj_0212,Data Analyst,Data Analyst Portfolio Project 2,A comprehensive project demonstrating skills required for a Data Analyst.,Intermediate,"GitHub Actions, Zeplin, Serverless",https://github.com/example/project
prj_0213,Product Manager,Product Manager Portfolio Project 1,A comprehensive project demonstrating skills required for a Product Manager.,Intermediate,"Socket.io, RabbitMQ, Team Collaboration",https://github.com/example/project
prj_0214,Product Manager,Product Manager Portfolio Project 2,A comprehensive project demonstrating skills required for a Product Manager.,Intermediate,"Bash, Data Warehousing, Miro",https://github.com/example/project
prj_0215,Solutions Architect,Solutions Architect Portfolio Project 1,A comprehensive project demonstrating skills required for a Solutions Architect.,Advanced,"AWS Cognito, A/B Testing, AWS S3",https://github.com/example/project
prj_0216,Solutions Architect,Solutions Architect Portfolio Project 2,A comprehensive project demonstrating skills required for a Solutions Architect.,Advanced,"Segment, Go, Tableau",https://github.com/example/project
prj_0217,QA/Test Automation Engineer,QA/Test Automation Engineer Portfolio Project 1,A comprehensive project demonstrating skills required for a QA/Test Automation Engineer.,Intermediate,"Web3, AWS, Data Warehousing",https://github.com/example/project
prj_0218,QA/Test Automation Engineer,QA/Test Automation Engineer Portfolio Project 2,A comprehensive project demonstrating skills required for a QA/Test Automation Engineer.,Advanced,"Python, JWT, Nuxt.js",https://github.com/example/project
prj_0219,Technical Writer,Technical Writer Portfolio Project 1,A comprehensive project demonstrating skills required for a Technical Writer.,Intermediate,"Husky, AWS, Critical Thinking",https://github.com/example/project
prj_0220,Technical Writer,Technical Writer Portfolio Project 2,A comprehensive project demonstrating skills required for a Technical Writer.,Intermediate,"Event-Driven Architecture, Statistics, Amplitude",https://github.com/example/project
prj_0221,IoT Developer,IoT Developer Portfolio Project 1,A comprehensive project demonstrating skills required for a IoT Developer.,Intermediate,"Data Warehousing, Wireframing, Terraform",https://github.com/example/project
prj_0222,IoT Developer,IoT Developer Portfolio Project 2,A comprehensive project demonstrating skills required for a IoT Developer.,Intermediate,"Computer Vision, Ruby on Rails, Excel",https://github.com/example/project
prj_0223,Platform Engineer,Platform Engineer Portfolio Project 1,A comprehensive project demonstrating skills required for a Platform Engineer.,Beginner,"AWS EC2, InVision, Redis",https://github.com/example/project
prj_0224,Platform Engineer,Platform Engineer Portfolio Project 2,A comprehensive project demonstrating skills required for a Platform Engineer.,Beginner,"Puppet, tRPC, Dart",https://github.com/example/project
prj_0225,Generative AI Engineer,Generative AI Engineer Portfolio Project 1,A comprehensive project demonstrating skills required for a Generative AI Engineer.,Beginner,"Cassandra, Docker Compose, C++",https://github.com/example/project
prj_0226,Generative AI Engineer,Generative AI Engineer Portfolio Project 2,A comprehensive project demonstrating skills required for a Generative AI Engineer.,Advanced,"Message Queues, MQTT, Java",https://github.com/example/project
prj_0227,Computer Vision Engineer,Computer Vision Engineer Portfolio Project 1,A comprehensive project demonstrating skills required for a Computer Vision Engineer.,Advanced,"AR/VR, Zeplin, Gatsby",https://github.com/example/project
prj_0228,Computer Vision Engineer,Computer Vision Engineer Portfolio Project 2,A comprehensive project demonstrating skills required for a Computer Vision Engineer.,Advanced,"Technical Writing, DynamoDB, Render",https://github.com/example/project
prj_0229,Full-Stack AI Developer,Full-Stack AI Developer Portfolio Project 1,A comprehensive project demonstrating skills required for a Full-Stack AI Developer.,Beginner,"Altair, TDD, Trello",https://github.com/example/project
prj_0230,Full-Stack AI Developer,Full-Stack AI Developer Portfolio Project 2,A comprehensive project demonstrating skills required for a Full-Stack AI Developer.,Intermediate,"Chart.js, Express, NLTK",https://github.com/example/project
prj_0231,Junior Frontend Developer,Junior Frontend Developer Portfolio Project 1,A comprehensive project demonstrating skills required for a Junior Frontend Developer.,Advanced,"SOC Analysis, React, IoT",https://github.com/example/project
prj_0232,Junior Frontend Developer,Junior Frontend Developer Portfolio Project 2,A comprehensive project demonstrating skills required for a Junior Frontend Developer.,Beginner,"Chef, Azure Kubernetes Service, Leadership",https://github.com/example/project
prj_0233,Junior Backend Developer,Junior Backend Developer Portfolio Project 1,A comprehensive project demonstrating skills required for a Junior Backend Developer.,Advanced,"Render, Google Analytics, Astro",https://github.com/example/project
prj_0234,Junior Backend Developer,Junior Backend Developer Portfolio Project 2,A comprehensive project demonstrating skills required for a Junior Backend Developer.,Beginner,"Hugo, GraphQL API, Substance Painter",https://github.com/example/project
prj_0235,Junior Full Stack Developer,Junior Full Stack Developer Portfolio Project 1,A comprehensive project demonstrating skills required for a Junior Full Stack Developer.,Beginner,"Event-Driven Architecture, Problem Solving, Framer",https://github.com/example/project
prj_0236,Junior Full Stack Developer,Junior Full Stack Developer Portfolio Project 2,A comprehensive project demonstrating skills required for a Junior Full Stack Developer.,Intermediate,"SVN, React Native, Chef",https://github.com/example/project
prj_0237,Junior Data Scientist,Junior Data Scientist Portfolio Project 1,A comprehensive project demonstrating skills required for a Junior Data Scientist.,Beginner,"Highcharts, Natural Language Processing, Prometheus",https://github.com/example/project
prj_0238,Junior Data Scientist,Junior Data Scientist Portfolio Project 2,A comprehensive project demonstrating skills required for a Junior Data Scientist.,Intermediate,"Nmap, Matplotlib, Twilio API",https://github.com/example/project
prj_0239,Junior DevOps Engineer,Junior DevOps Engineer Portfolio Project 1,A comprehensive project demonstrating skills required for a Junior DevOps Engineer.,Beginner,"Statistics, Snowflake, Jest",https://github.com/example/project
prj_0240,Junior DevOps Engineer,Junior DevOps Engineer Portfolio Project 2,A comprehensive project demonstrating skills required for a Junior DevOps Engineer.,Beginner,"Xcode, Zustand, macOS",https://github.com/example/project
prj_0241,Junior Cloud Architect,Junior Cloud Architect Portfolio Project 1,A comprehensive project demonstrating skills required for a Junior Cloud Architect.,Intermediate,"Prophet, Snowflake, ZBrush",https://github.com/example/project
prj_0242,Junior Cloud Architect,Junior Cloud Architect Portfolio Project 2,A comprehensive project demonstrating skills required for a Junior Cloud Architect.,Beginner,"User Research, Miro, PowerShell",https://github.com/example/project
prj_0243,Junior Product Manager,Junior Product Manager Portfolio Project 1,A comprehensive project demonstrating skills required for a Junior Product Manager.,Advanced,"Probability, SQLite, Next.js",https://github.com/example/project
prj_0244,Junior Product Manager,Junior Product Manager Portfolio Project 2,A comprehensive project demonstrating skills required for a Junior Product Manager.,Intermediate,"Nginx, Vue.js, Azure VMs",https://github.com/example/project
prj_0245,Junior UI/UX Designer,Junior UI/UX Designer Portfolio Project 1,A comprehensive project demonstrating skills required for a Junior UI/UX Designer.,Advanced,"R, Zsh, Tailwind CSS",https://github.com/example/project
prj_0246,Junior UI/UX Designer,Junior UI/UX Designer Portfolio Project 2,A comprehensive project demonstrating skills required for a Junior UI/UX Designer.,Advanced,"Vim, Jekyll, Solidity",https://github.com/example/project
prj_0247,Junior Mobile Developer,Junior Mobile Developer Portfolio Project 1,A comprehensive project demonstrating skills required for a Junior Mobile Developer.,Intermediate,"RxJS, Django, Unreal Engine",https://github.com/example/project
prj_0248,Junior Mobile Developer,Junior Mobile Developer Portfolio Project 2,A comprehensive project demonstrating skills required for a Junior Mobile Developer.,Advanced,"Zsh, PyTorch, Data Modeling",https://github.com/example/project
prj_0249,Junior QA Engineer,Junior QA Engineer Portfolio Project 1,A comprehensive project demonstrating skills required for a Junior QA Engineer.,Beginner,"Blockchain, Miro, Swift",https://github.com/example/project
prj_0250,Junior QA Engineer,Junior QA Engineer Portfolio Project 2,A comprehensive project demonstrating skills required for a Junior QA Engineer.,Advanced,"Team Collaboration, Cryptography, Android Development",https://github.com/example/project
prj_0251,Junior Security Analyst,Junior Security Analyst Portfolio Project 1,A comprehensive project demonstrating skills required for a Junior Security Analyst.,Intermediate,"Google Analytics, Zsh, Sketch",https://github.com/example/project
prj_0252,Junior Security Analyst,Junior Security Analyst Portfolio Project 2,A comprehensive project demonstrating skills required for a Junior Security Analyst.,Beginner,"AWS SQS, Eleventy, Spark",https://github.com/example/project
prj_0253,Junior Database Administrator,Junior Database Administrator Portfolio Project 1,A comprehensive project demonstrating skills required for a Junior Database Administrator.,Intermediate,"REST API, Jira, SAML",https://github.com/example/project
prj_0254,Junior Database Administrator,Junior Database Administrator Portfolio Project 2,A comprehensive project demonstrating skills required for a Junior Database Administrator.,Advanced,"Azure Functions, RapidMiner, Playwright",https://github.com/example/project
prj_0255,Senior Frontend Developer,Senior Frontend Developer Portfolio Project 1,A comprehensive project demonstrating skills required for a Senior Frontend Developer.,Intermediate,"Firebase Auth, Android Development, FastAPI",https://github.com/example/project
prj_0256,Senior Frontend Developer,Senior Frontend Developer Portfolio Project 2,A comprehensive project demonstrating skills required for a Senior Frontend Developer.,Advanced,"Slack, Chart.js, Wireshark",https://github.com/example/project
prj_0257,Senior Backend Developer,Senior Backend Developer Portfolio Project 1,A comprehensive project demonstrating skills required for a Senior Backend Developer.,Beginner,"Domain-Driven Design, Critical Thinking, Laravel",https://github.com/example/project
prj_0258,Senior Backend Developer,Senior Backend Developer Portfolio Project 2,A comprehensive project demonstrating skills required for a Senior Backend Developer.,Beginner,"A/B Testing, Integration Testing, Responsive Design",https://github.com/example/project
prj_0259,Senior Full Stack Developer,Senior Full Stack Developer Portfolio Project 1,A comprehensive project demonstrating skills required for a Senior Full Stack Developer.,Intermediate,"Husky, Slack, Design Systems",https://github.com/example/project
prj_0260,Senior Full Stack Developer,Senior Full Stack Developer Portfolio Project 2,A comprehensive project demonstrating skills required for a Senior Full Stack Developer.,Beginner,"Kotlin, Machine Learning, Microsoft Teams",https://github.com/example/project
prj_0261,Senior Data Scientist,Senior Data Scientist Portfolio Project 1,A comprehensive project demonstrating skills required for a Senior Data Scientist.,Beginner,"TDD, AWS CloudFront, Domain-Driven Design",https://github.com/example/project
prj_0262,Senior Data Scientist,Senior Data Scientist Portfolio Project 2,A comprehensive project demonstrating skills required for a Senior Data Scientist.,Intermediate,"Husky, Sequelize, New Relic",https://github.com/example/project
prj_0263,Senior DevOps Engineer,Senior DevOps Engineer Portfolio Project 1,A comprehensive project demonstrating skills required for a Senior DevOps Engineer.,Advanced,"Hadoop, PHP, DigitalOcean Spaces",https://github.com/example/project
prj_0264,Senior DevOps Engineer,Senior DevOps Engineer Portfolio Project 2,A comprehensive project demonstrating skills required for a Senior DevOps Engineer.,Advanced,"AR/VR, React Native, Message Queues",https://github.com/example/project
prj_0265,Senior Cloud Architect,Senior Cloud Architect Portfolio Project 1,A comprehensive project demonstrating skills required for a Senior Cloud Architect.,Intermediate,"NLTK, Linux, iOS Development",https://github.com/example/project
prj_0266,Senior Cloud Architect,Senior Cloud Architect Portfolio Project 2,A comprehensive project demonstrating skills required for a Senior Cloud Architect.,Advanced,"Critical Thinking, Data Modeling, NATS",https://github.com/example/project
prj_0267,Senior Product Manager,Senior Product Manager Portfolio Project 1,A comprehensive project demonstrating skills required for a Senior Product Manager.,Advanced,"Dart, Auth0, Machine Learning",https://github.com/example/project
prj_0268,Senior Product Manager,Senior Product Manager Portfolio Project 2,A comprehensive project demonstrating skills required for a Senior Product Manager.,Intermediate,"JWT, Domain-Driven Design, Scala",https://github.com/example/project
prj_0269,Senior UI/UX Designer,Senior UI/UX Designer Portfolio Project 1,A comprehensive project demonstrating skills required for a Senior UI/UX Designer.,Intermediate,"Seaborn, Flutter, GraphQL API",https://github.com/example/project
prj_0270,Senior UI/UX Designer,Senior UI/UX Designer Portfolio Project 2,A comprehensive project demonstrating skills required for a Senior UI/UX Designer.,Beginner,"Node.js, Jekyll, Hugo",https://github.com/example/project
prj_0271,Senior Mobile Developer,Senior Mobile Developer Portfolio Project 1,A comprehensive project demonstrating skills required for a Senior Mobile Developer.,Intermediate,"PHP, Wireshark, Dart",https://github.com/example/project
prj_0272,Senior Mobile Developer,Senior Mobile Developer Portfolio Project 2,A comprehensive project demonstrating skills required for a Senior Mobile Developer.,Intermediate,"NumPy, OpenID Connect, Express",https://github.com/example/project
prj_0273,Senior QA Engineer,Senior QA Engineer Portfolio Project 1,A comprehensive project demonstrating skills required for a Senior QA Engineer.,Intermediate,"CSS, Prototyping, Xcode",https://github.com/example/project
prj_0274,Senior QA Engineer,Senior QA Engineer Portfolio Project 2,A comprehensive project demonstrating skills required for a Senior QA Engineer.,Advanced,"Prisma, Mixpanel, MATLAB",https://github.com/example/project
prj_0275,Senior Security Analyst,Senior Security Analyst Portfolio Project 1,A comprehensive project demonstrating skills required for a Senior Security Analyst.,Intermediate,"Unix, Algolia, Scrum",https://github.com/example/project
prj_0276,Senior Security Analyst,Senior Security Analyst Portfolio Project 2,A comprehensive project demonstrating skills required for a Senior Security Analyst.,Beginner,"WebSockets, Neo4j, Supabase",https://github.com/example/project
prj_0277,Senior Database Administrator,Senior Database Administrator Portfolio Project 1,A comprehensive project demonstrating skills required for a Senior Database Administrator.,Advanced,"C#, Webpack, User Research",https://github.com/example/project
prj_0278,Senior Database Administrator,Senior Database Administrator Portfolio Project 2,A comprehensive project demonstrating skills required for a Senior Database Administrator.,Intermediate,"Prettier, Vite, Azure VMs",https://github.com/example/project
prj_0279,Lead Frontend Developer,Lead Frontend Developer Portfolio Project 1,A comprehensive project demonstrating skills required for a Lead Frontend Developer.,Intermediate,"Prisma, Sentry, Google Maps API",https://github.com/example/project
prj_0280,Lead Frontend Developer,Lead Frontend Developer Portfolio Project 2,A comprehensive project demonstrating skills required for a Lead Frontend Developer.,Intermediate,"Supabase, Load Balancing, Windows",https://github.com/example/project
prj_0281,Lead Backend Developer,Lead Backend Developer Portfolio Project 1,A comprehensive project demonstrating skills required for a Lead Backend Developer.,Intermediate,"Natural Language Processing, New Relic, Design Systems",https://github.com/example/project
prj_0282,Lead Backend Developer,Lead Backend Developer Portfolio Project 2,A comprehensive project demonstrating skills required for a Lead Backend Developer.,Beginner,"Esbuild, ETL, Serverless",https://github.com/example/project
prj_0283,Lead Full Stack Developer,Lead Full Stack Developer Portfolio Project 1,A comprehensive project demonstrating skills required for a Lead Full Stack Developer.,Beginner,"AWS EC2, React, Ethical Hacking",https://github.com/example/project
prj_0284,Lead Full Stack Developer,Lead Full Stack Developer Portfolio Project 2,A comprehensive project demonstrating skills required for a Lead Full Stack Developer.,Beginner,"GraphQL API, TDD, DigitalOcean Droplets",https://github.com/example/project
prj_0285,Lead Data Scientist,Lead Data Scientist Portfolio Project 1,A comprehensive project demonstrating skills required for a Lead Data Scientist.,Advanced,"Java, Network Security, OAuth",https://github.com/example/project
prj_0286,Lead Data Scientist,Lead Data Scientist Portfolio Project 2,A comprehensive project demonstrating skills required for a Lead Data Scientist.,Intermediate,"MongoDB, AWS Cognito, Sequelize",https://github.com/example/project
prj_0287,Lead DevOps Engineer,Lead DevOps Engineer Portfolio Project 1,A comprehensive project demonstrating skills required for a Lead DevOps Engineer.,Advanced,"Fly.io, DigitalOcean Spaces, Responsive Design",https://github.com/example/project
prj_0288,Lead DevOps Engineer,Lead DevOps Engineer Portfolio Project 2,A comprehensive project demonstrating skills required for a Lead DevOps Engineer.,Intermediate,"Prettier, Hugo, Trello",https://github.com/example/project
prj_0289,Lead Cloud Architect,Lead Cloud Architect Portfolio Project 1,A comprehensive project demonstrating skills required for a Lead Cloud Architect.,Intermediate,"RabbitMQ, PyCharm, Scrum",https://github.com/example/project
prj_0290,Lead Cloud Architect,Lead Cloud Architect Portfolio Project 2,A comprehensive project demonstrating skills required for a Lead Cloud Architect.,Beginner,"Blender, AWS RDS, Puppet",https://github.com/example/project
prj_0291,Lead Product Manager,Lead Product Manager Portfolio Project 1,A comprehensive project demonstrating skills required for a Lead Product Manager.,Intermediate,"Vue.js, PostgreSQL, AWS S3",https://github.com/example/project
prj_0292,Lead Product Manager,Lead Product Manager Portfolio Project 2,A comprehensive project demonstrating skills required for a Lead Product Manager.,Beginner,"WebSockets, Highcharts, AWS EKS",https://github.com/example/project
prj_0293,Lead UI/UX Designer,Lead UI/UX Designer Portfolio Project 1,A comprehensive project demonstrating skills required for a Lead UI/UX Designer.,Advanced,"Computer Vision, UI/UX Design, React Native",https://github.com/example/project
prj_0294,Lead UI/UX Designer,Lead UI/UX Designer Portfolio Project 2,A comprehensive project demonstrating skills required for a Lead UI/UX Designer.,Advanced,"Ruby, Event-Driven Architecture, Streamlit",https://github.com/example/project
prj_0295,Lead Mobile Developer,Lead Mobile Developer Portfolio Project 1,A comprehensive project demonstrating skills required for a Lead Mobile Developer.,Intermediate,"Scala, ETL, MobX",https://github.com/example/project
prj_0296,Lead Mobile Developer,Lead Mobile Developer Portfolio Project 2,A comprehensive project demonstrating skills required for a Lead Mobile Developer.,Beginner,"Zeplin, Jotai, Mixpanel",https://github.com/example/project
prj_0297,Lead QA Engineer,Lead QA Engineer Portfolio Project 1,A comprehensive project demonstrating skills required for a Lead QA Engineer.,Intermediate,"Data Analysis, AWS SQS, MobX",https://github.com/example/project
prj_0298,Lead QA Engineer,Lead QA Engineer Portfolio Project 2,A comprehensive project demonstrating skills required for a Lead QA Engineer.,Intermediate,"Heroku, DynamoDB, Bokeh",https://github.com/example/project
prj_0299,Lead Security Analyst,Lead Security Analyst Portfolio Project 1,A comprehensive project demonstrating skills required for a Lead Security Analyst.,Beginner,"Serverless, Design Patterns, Puppeteer",https://github.com/example/project
prj_0300,Lead Security Analyst,Lead Security Analyst Portfolio Project 2,A comprehensive project demonstrating skills required for a Lead Security Analyst.,Beginner,"Cryptography, Grafana, Trello",https://github.com/example/project
prj_0301,Lead Database Administrator,Lead Database Administrator Portfolio Project 1,A comprehensive project demonstrating skills required for a Lead Database Administrator.,Advanced,"API Gateway, Microsoft Teams, Mailchimp API",https://github.com/example/project
prj_0302,Lead Database Administrator,Lead Database Administrator Portfolio Project 2,A comprehensive project demonstrating skills required for a Lead Database Administrator.,Advanced,"Cryptography, Penetration Testing, Problem Solving",https://github.com/example/project
prj_0303,Principal Frontend Developer,Principal Frontend Developer Portfolio Project 1,A comprehensive project demonstrating skills required for a Principal Frontend Developer.,Intermediate,"Zustand, Husky, KNIME",https://github.com/example/project
prj_0304,Principal Frontend Developer,Principal Frontend Developer Portfolio Project 2,A comprehensive project demonstrating skills required for a Principal Frontend Developer.,Advanced,"Helm, InVision, Esbuild",https://github.com/example/project
prj_0305,Principal Backend Developer,Principal Backend Developer Portfolio Project 1,A comprehensive project demonstrating skills required for a Principal Backend Developer.,Advanced,"ZBrush, Kafka, Chart.js",https://github.com/example/project
prj_0306,Principal Backend Developer,Principal Backend Developer Portfolio Project 2,A comprehensive project demonstrating skills required for a Principal Backend Developer.,Beginner,"Slack, DigitalOcean Droplets, Nginx",https://github.com/example/project
prj_0307,Principal Full Stack Developer,Principal Full Stack Developer Portfolio Project 1,A comprehensive project demonstrating skills required for a Principal Full Stack Developer.,Beginner,"PyCharm, Bootstrap, Markdown",https://github.com/example/project
prj_0308,Principal Full Stack Developer,Principal Full Stack Developer Portfolio Project 2,A comprehensive project demonstrating skills required for a Principal Full Stack Developer.,Intermediate,"Cloud Computing, AWS SNS, HTML",https://github.com/example/project
prj_0309,Principal Data Scientist,Principal Data Scientist Portfolio Project 1,A comprehensive project demonstrating skills required for a Principal Data Scientist.,Beginner,"A/B Testing, AWS Lambda, Express",https://github.com/example/project
prj_0310,Principal Data Scientist,Principal Data Scientist Portfolio Project 2,A comprehensive project demonstrating skills required for a Principal Data Scientist.,Advanced,"Visual Studio, AWS RDS, GCP Kubernetes Engine",https://github.com/example/project
prj_0311,Principal DevOps Engineer,Principal DevOps Engineer Portfolio Project 1,A comprehensive project demonstrating skills required for a Principal DevOps Engineer.,Intermediate,"TDD, Adobe XD, Jetpack Compose",https://github.com/example/project
prj_0312,Principal DevOps Engineer,Principal DevOps Engineer Portfolio Project 2,A comprehensive project demonstrating skills required for a Principal DevOps Engineer.,Intermediate,"Railway, LangChain, Ruby",https://github.com/example/project
prj_0313,Principal Cloud Architect,Principal Cloud Architect Portfolio Project 1,A comprehensive project demonstrating skills required for a Principal Cloud Architect.,Beginner,"Neural Networks, Puppet, Zustand",https://github.com/example/project
prj_0314,Principal Cloud Architect,Principal Cloud Architect Portfolio Project 2,A comprehensive project demonstrating skills required for a Principal Cloud Architect.,Advanced,"API Gateway, Fusion 360, GCP Compute Engine",https://github.com/example/project
prj_0315,Principal Product Manager,Principal Product Manager Portfolio Project 1,A comprehensive project demonstrating skills required for a Principal Product Manager.,Advanced,"Redis, Airflow, Nuxt.js",https://github.com/example/project
prj_0316,Principal Product Manager,Principal Product Manager Portfolio Project 2,A comprehensive project demonstrating skills required for a Principal Product Manager.,Intermediate,"WebStorm, 3ds Max, Solidity",https://github.com/example/project
prj_0317,Principal UI/UX Designer,Principal UI/UX Designer Portfolio Project 1,A comprehensive project demonstrating skills required for a Principal UI/UX Designer.,Beginner,"Kubernetes, ASP.NET, QlikView",https://github.com/example/project
prj_0318,Principal UI/UX Designer,Principal UI/UX Designer Portfolio Project 2,A comprehensive project demonstrating skills required for a Principal UI/UX Designer.,Beginner,"Unix, AWS CloudFront, Google Maps API",https://github.com/example/project
prj_0319,Principal Mobile Developer,Principal Mobile Developer Portfolio Project 1,A comprehensive project demonstrating skills required for a Principal Mobile Developer.,Intermediate,"Spring Boot, XGBoost, SQL",https://github.com/example/project
prj_0320,Principal Mobile Developer,Principal Mobile Developer Portfolio Project 2,A comprehensive project demonstrating skills required for a Principal Mobile Developer.,Intermediate,"QlikView, GCP Cloud Storage, Kotlin",https://github.com/example/project
prj_0321,Principal QA Engineer,Principal QA Engineer Portfolio Project 1,A comprehensive project demonstrating skills required for a Principal QA Engineer.,Beginner,"Gatsby, Eleventy, DigitalOcean Spaces",https://github.com/example/project
prj_0322,Principal QA Engineer,Principal QA Engineer Portfolio Project 2,A comprehensive project demonstrating skills required for a Principal QA Engineer.,Advanced,"Deep Learning, Sequelize, Network Security",https://github.com/example/project
prj_0323,Principal Security Analyst,Principal Security Analyst Portfolio Project 1,A comprehensive project demonstrating skills required for a Principal Security Analyst.,Advanced,"SAS, Vercel, tRPC",https://github.com/example/project
prj_0324,Principal Security Analyst,Principal Security Analyst Portfolio Project 2,A comprehensive project demonstrating skills required for a Principal Security Analyst.,Intermediate,"React, GCP, REST APIs",https://github.com/example/project
prj_0325,Principal Database Administrator,Principal Database Administrator Portfolio Project 1,A comprehensive project demonstrating skills required for a Principal Database Administrator.,Advanced,"Ruby on Rails, Tableau, Azure Blob Storage",https://github.com/example/project
prj_0326,Principal Database Administrator,Principal Database Administrator Portfolio Project 2,A comprehensive project demonstrating skills required for a Principal Database Administrator.,Beginner,"Slack, ETL, Vim",https://github.com/example/project
prj_0327,Junior Frontend Developer,Junior Frontend Developer Portfolio Project 1,A comprehensive project demonstrating skills required for a Junior Frontend Developer.,Intermediate,"Mixpanel, Vercel, Slack",https://github.com/example/project
prj_0328,Junior Frontend Developer,Junior Frontend Developer Portfolio Project 2,A comprehensive project demonstrating skills required for a Junior Frontend Developer.,Intermediate,"Node.js, Java, ETL",https://github.com/example/project
prj_0329,Junior Backend Developer,Junior Backend Developer Portfolio Project 1,A comprehensive project demonstrating skills required for a Junior Backend Developer.,Intermediate,"Caching, Parcel, NLTK",https://github.com/example/project
prj_0330,Junior Backend Developer,Junior Backend Developer Portfolio Project 2,A comprehensive project demonstrating skills required for a Junior Backend Developer.,Intermediate,"REST API, Data Engineering, Google Maps API",https://github.com/example/project
prj_0331,Junior Full Stack Developer,Junior Full Stack Developer Portfolio Project 1,A comprehensive project demonstrating skills required for a Junior Full Stack Developer.,Advanced,"Data Modeling, Scala, Miro",https://github.com/example/project
prj_0332,Junior Full Stack Developer,Junior Full Stack Developer Portfolio Project 2,A comprehensive project demonstrating skills required for a Junior Full Stack Developer.,Beginner,"AWS EC2, KNIME, Vercel",https://github.com/example/project
prj_0333,Junior Data Scientist,Junior Data Scientist Portfolio Project 1,A comprehensive project demonstrating skills required for a Junior Data Scientist.,Advanced,"WebSocket, Cloud Computing, GitLab",https://github.com/example/project
prj_0334,Junior Data Scientist,Junior Data Scientist Portfolio Project 2,A comprehensive project demonstrating skills required for a Junior Data Scientist.,Advanced,"Godot, Plotly, Scikit-Learn",https://github.com/example/project
prj_0335,Junior DevOps Engineer,Junior DevOps Engineer Portfolio Project 1,A comprehensive project demonstrating skills required for a Junior DevOps Engineer.,Beginner,"Miro, Jenkins, Socket.io",https://github.com/example/project
prj_0336,Junior DevOps Engineer,Junior DevOps Engineer Portfolio Project 2,A comprehensive project demonstrating skills required for a Junior DevOps Engineer.,Beginner,"AWS S3, AWS SNS, Rollup",https://github.com/example/project
prj_0337,Junior Cloud Architect,Junior Cloud Architect Portfolio Project 1,A comprehensive project demonstrating skills required for a Junior Cloud Architect.,Intermediate,"Django, Jenkins, PyTorch",https://github.com/example/project
prj_0338,Junior Cloud Architect,Junior Cloud Architect Portfolio Project 2,A comprehensive project demonstrating skills required for a Junior Cloud Architect.,Beginner,"Flutter, Selenium, D3.js",https://github.com/example/project
prj_0339,Junior Product Manager,Junior Product Manager Portfolio Project 1,A comprehensive project demonstrating skills required for a Junior Product Manager.,Intermediate,"SketchUp, Pillow, A/B Testing",https://github.com/example/project
prj_0340,Junior Product Manager,Junior Product Manager Portfolio Project 2,A comprehensive project demonstrating skills required for a Junior Product Manager.,Intermediate,"Godot, WebStorm, Nmap",https://github.com/example/project
prj_0341,Junior UI/UX Designer,Junior UI/UX Designer Portfolio Project 1,A comprehensive project demonstrating skills required for a Junior UI/UX Designer.,Intermediate,"ZeroMQ, Auth0, Tailwind CSS",https://github.com/example/project
prj_0342,Junior UI/UX Designer,Junior UI/UX Designer Portfolio Project 2,A comprehensive project demonstrating skills required for a Junior UI/UX Designer.,Intermediate,"Time Management, Stripe API, Jira",https://github.com/example/project
prj_0343,Junior Mobile Developer,Junior Mobile Developer Portfolio Project 1,A comprehensive project demonstrating skills required for a Junior Mobile Developer.,Intermediate,"CSS, SOC Analysis, JWT",https://github.com/example/project
prj_0344,Junior Mobile Developer,Junior Mobile Developer Portfolio Project 2,A comprehensive project demonstrating skills required for a Junior Mobile Developer.,Beginner,"A/B Testing, IoT, Computer Vision",https://github.com/example/project
prj_0345,Junior QA Engineer,Junior QA Engineer Portfolio Project 1,A comprehensive project demonstrating skills required for a Junior QA Engineer.,Intermediate,"Web3, Mailchimp API, Data Modeling",https://github.com/example/project
prj_0346,Junior QA Engineer,Junior QA Engineer Portfolio Project 2,A comprehensive project demonstrating skills required for a Junior QA Engineer.,Advanced,"Weka, A/B Testing, AWS",https://github.com/example/project
prj_0347,Junior Security Analyst,Junior Security Analyst Portfolio Project 1,A comprehensive project demonstrating skills required for a Junior Security Analyst.,Beginner,"Vite, Elasticsearch, PowerShell",https://github.com/example/project
prj_0348,Junior Security Analyst,Junior Security Analyst Portfolio Project 2,A comprehensive project demonstrating skills required for a Junior Security Analyst.,Intermediate,"GCP Cloud SQL, Dart, Mercurial",https://github.com/example/project
prj_0349,Junior Database Administrator,Junior Database Administrator Portfolio Project 1,A comprehensive project demonstrating skills required for a Junior Database Administrator.,Beginner,"Esbuild, Highcharts, MongoDB",https://github.com/example/project
prj_0350,Junior Database Administrator,Junior Database Administrator Portfolio Project 2,A comprehensive project demonstrating skills required for a Junior Database Administrator.,Beginner,"Bootstrap, CI/CD, PHP",https://github.com/example/project
prj_0351,Senior Frontend Developer,Senior Frontend Developer Portfolio Project 1,A comprehensive project demonstrating skills required for a Senior Frontend Developer.,Intermediate,"MATLAB, Streamlit, 3ds Max",https://github.com/example/project
prj_0352,Senior Frontend Developer,Senior Frontend Developer Portfolio Project 2,A comprehensive project demonstrating skills required for a Senior Frontend Developer.,Advanced,"Machine Learning, Design Patterns, Notion",https://github.com/example/project
prj_0353,Senior Backend Developer,Senior Backend Developer Portfolio Project 1,A comprehensive project demonstrating skills required for a Senior Backend Developer.,Advanced,"Pandas, Spark, SwiftUI",https://github.com/example/project
prj_0354,Senior Backend Developer,Senior Backend Developer Portfolio Project 2,A comprehensive project demonstrating skills required for a Senior Backend Developer.,Intermediate,"GCP Cloud SQL, Visual Studio, Message Queues",https://github.com/example/project
prj_0355,Senior Full Stack Developer,Senior Full Stack Developer Portfolio Project 1,A comprehensive project demonstrating skills required for a Senior Full Stack Developer.,Intermediate,"Plotly, Matplotlib, JavaScript",https://github.com/example/project
prj_0356,Senior Full Stack Developer,Senior Full Stack Developer Portfolio Project 2,A comprehensive project demonstrating skills required for a Senior Full Stack Developer.,Intermediate,"Flask, PostgreSQL, macOS",https://github.com/example/project
prj_0357,Senior Data Scientist,Senior Data Scientist Portfolio Project 1,A comprehensive project demonstrating skills required for a Senior Data Scientist.,Intermediate,"Puppet, Figma, Kubernetes",https://github.com/example/project
prj_0358,Senior Data Scientist,Senior Data Scientist Portfolio Project 2,A comprehensive project demonstrating skills required for a Senior Data Scientist.,Beginner,"Integration Testing, Auth0, LangChain",https://github.com/example/project
prj_0359,Senior DevOps Engineer,Senior DevOps Engineer Portfolio Project 1,A comprehensive project demonstrating skills required for a Senior DevOps Engineer.,Intermediate,"PowerShell, Design Patterns, Google Analytics",https://github.com/example/project
prj_0360,Senior DevOps Engineer,Senior DevOps Engineer Portfolio Project 2,A comprehensive project demonstrating skills required for a Senior DevOps Engineer.,Intermediate,"API Design, Stata, AWS IAM",https://github.com/example/project
prj_0361,Senior Cloud Architect,Senior Cloud Architect Portfolio Project 1,A comprehensive project demonstrating skills required for a Senior Cloud Architect.,Advanced,"ActiveMQ, Remix, Babel",https://github.com/example/project
prj_0362,Senior Cloud Architect,Senior Cloud Architect Portfolio Project 2,A comprehensive project demonstrating skills required for a Senior Cloud Architect.,Intermediate,"Mongoose, Apollo, OpenAPI",https://github.com/example/project
prj_0363,Senior Product Manager,Senior Product Manager Portfolio Project 1,A comprehensive project demonstrating skills required for a Senior Product Manager.,Beginner,"Technical Writing, AWS, Snowflake",https://github.com/example/project
prj_0364,Senior Product Manager,Senior Product Manager Portfolio Project 2,A comprehensive project demonstrating skills required for a Senior Product Manager.,Advanced,"OpenCV, Laravel, Data Engineering",https://github.com/example/project
prj_0365,Senior UI/UX Designer,Senior UI/UX Designer Portfolio Project 1,A comprehensive project demonstrating skills required for a Senior UI/UX Designer.,Advanced,"Twilio API, NetBeans, Node.js",https://github.com/example/project
prj_0366,Senior UI/UX Designer,Senior UI/UX Designer Portfolio Project 2,A comprehensive project demonstrating skills required for a Senior UI/UX Designer.,Intermediate,"Cassandra, MeiliSearch, Twilio API",https://github.com/example/project
prj_0367,Senior Mobile Developer,Senior Mobile Developer Portfolio Project 1,A comprehensive project demonstrating skills required for a Senior Mobile Developer.,Beginner,"WebRTC, Stata, PyTorch",https://github.com/example/project
prj_0368,Senior Mobile Developer,Senior Mobile Developer Portfolio Project 2,A comprehensive project demonstrating skills required for a Senior Mobile Developer.,Advanced,"Time Management, Unreal Engine, Load Balancing",https://github.com/example/project
prj_0369,Senior QA Engineer,Senior QA Engineer Portfolio Project 1,A comprehensive project demonstrating skills required for a Senior QA Engineer.,Beginner,"Data Engineering, C++, Snowflake",https://github.com/example/project
prj_0370,Senior QA Engineer,Senior QA Engineer Portfolio Project 2,A comprehensive project demonstrating skills required for a Senior QA Engineer.,Advanced,"Redux Toolkit, Node.js, Plotly",https://github.com/example/project
prj_0371,Senior Security Analyst,Senior Security Analyst Portfolio Project 1,A comprehensive project demonstrating skills required for a Senior Security Analyst.,Intermediate,"Prototyping, Design Patterns, Leadership",https://github.com/example/project
prj_0372,Senior Security Analyst,Senior Security Analyst Portfolio Project 2,A comprehensive project demonstrating skills required for a Senior Security Analyst.,Intermediate,"Windows, Amplitude, Natural Language Processing",https://github.com/example/project
prj_0373,Senior Database Administrator,Senior Database Administrator Portfolio Project 1,A comprehensive project demonstrating skills required for a Senior Database Administrator.,Advanced,"Jenkins, Insomnia, Puppeteer",https://github.com/example/project
prj_0374,Senior Database Administrator,Senior Database Administrator Portfolio Project 2,A comprehensive project demonstrating skills required for a Senior Database Administrator.,Beginner,"Go, Spark, Remix",https://github.com/example/project
prj_0375,Lead Frontend Developer,Lead Frontend Developer Portfolio Project 1,A comprehensive project demonstrating skills required for a Lead Frontend Developer.,Advanced,"Design Patterns, Laravel, Bootstrap",https://github.com/example/project
prj_0376,Lead Frontend Developer,Lead Frontend Developer Portfolio Project 2,A comprehensive project demonstrating skills required for a Lead Frontend Developer.,Beginner,"AWS Route 53, Unity, Cypress",https://github.com/example/project
prj_0377,Lead Backend Developer,Lead Backend Developer Portfolio Project 1,A comprehensive project demonstrating skills required for a Lead Backend Developer.,Advanced,"Data Visualization, Mercurial, Azure",https://github.com/example/project
prj_0378,Lead Backend Developer,Lead Backend Developer Portfolio Project 2,A comprehensive project demonstrating skills required for a Lead Backend Developer.,Intermediate,"Unit Testing, Google Analytics, GCP Kubernetes Engine",https://github.com/example/project
prj_0379,Lead Full Stack Developer,Lead Full Stack Developer Portfolio Project 1,A comprehensive project demonstrating skills required for a Lead Full Stack Developer.,Intermediate,"Data Warehousing, Unreal Engine, InVision",https://github.com/example/project
prj_0380,Lead Full Stack Developer,Lead Full Stack Developer Portfolio Project 2,A comprehensive project demonstrating skills required for a Lead Full Stack Developer.,Beginner,"Neo4j, Slack, RapidMiner",https://github.com/example/project
prj_0381,Lead Data Scientist,Lead Data Scientist Portfolio Project 1,A comprehensive project demonstrating skills required for a Lead Data Scientist.,Intermediate,"Notion, Puppeteer, Vim",https://github.com/example/project
prj_0382,Lead Data Scientist,Lead Data Scientist Portfolio Project 2,A comprehensive project demonstrating skills required for a Lead Data Scientist.,Intermediate,"Sequelize, AWS RDS, NextAuth",https://github.com/example/project
prj_0383,Lead DevOps Engineer,Lead DevOps Engineer Portfolio Project 1,A comprehensive project demonstrating skills required for a Lead DevOps Engineer.,Intermediate,"Integration Testing, Pandas, Nuxt.js",https://github.com/example/project
prj_0384,Lead DevOps Engineer,Lead DevOps Engineer Portfolio Project 2,A comprehensive project demonstrating skills required for a Lead DevOps Engineer.,Beginner,"NoSQL, Cryptography, RapidMiner",https://github.com/example/project
prj_0385,Lead Cloud Architect,Lead Cloud Architect Portfolio Project 1,A comprehensive project demonstrating skills required for a Lead Cloud Architect.,Advanced,"IoT, Bash, REST APIs",https://github.com/example/project
prj_0386,Lead Cloud Architect,Lead Cloud Architect Portfolio Project 2,A comprehensive project demonstrating skills required for a Lead Cloud Architect.,Beginner,"Sketch, Terraform, Web3",https://github.com/example/project
prj_0387,Lead Product Manager,Lead Product Manager Portfolio Project 1,A comprehensive project demonstrating skills required for a Lead Product Manager.,Beginner,"Angular, Reinforcement Learning, Spacy",https://github.com/example/project
prj_0388,Lead Product Manager,Lead Product Manager Portfolio Project 2,A comprehensive project demonstrating skills required for a Lead Product Manager.,Intermediate,"Scala, KNIME, Socket.io",https://github.com/example/project
prj_0389,Lead UI/UX Designer,Lead UI/UX Designer Portfolio Project 1,A comprehensive project demonstrating skills required for a Lead UI/UX Designer.,Beginner,"Web3, Cybersecurity, Framer",https://github.com/example/project
prj_0390,Lead UI/UX Designer,Lead UI/UX Designer Portfolio Project 2,A comprehensive project demonstrating skills required for a Lead UI/UX Designer.,Beginner,"gRPC, Spring Boot, SolidWorks",https://github.com/example/project
prj_0391,Lead Mobile Developer,Lead Mobile Developer Portfolio Project 1,A comprehensive project demonstrating skills required for a Lead Mobile Developer.,Intermediate,"Swift, Statistics, Supabase",https://github.com/example/project
prj_0392,Lead Mobile Developer,Lead Mobile Developer Portfolio Project 2,A comprehensive project demonstrating skills required for a Lead Mobile Developer.,Advanced,"Revit, SVN, Supabase",https://github.com/example/project
prj_0393,Lead QA Engineer,Lead QA Engineer Portfolio Project 1,A comprehensive project demonstrating skills required for a Lead QA Engineer.,Advanced,"TypeScript, Apollo, Chart.js",https://github.com/example/project
prj_0394,Lead QA Engineer,Lead QA Engineer Portfolio Project 2,A comprehensive project demonstrating skills required for a Lead QA Engineer.,Beginner,"DigitalOcean Spaces, MobX, SASS",https://github.com/example/project
prj_0395,Lead Security Analyst,Lead Security Analyst Portfolio Project 1,A comprehensive project demonstrating skills required for a Lead Security Analyst.,Advanced,"Next.js, LangChain, Jetpack Compose",https://github.com/example/project
prj_0396,Lead Security Analyst,Lead Security Analyst Portfolio Project 2,A comprehensive project demonstrating skills required for a Lead Security Analyst.,Advanced,"GraphQL API, Team Collaboration, AWS DynamoDB",https://github.com/example/project
prj_0397,Lead Database Administrator,Lead Database Administrator Portfolio Project 1,A comprehensive project demonstrating skills required for a Lead Database Administrator.,Beginner,"FastAPI, SQLite, LangChain",https://github.com/example/project
prj_0398,Lead Database Administrator,Lead Database Administrator Portfolio Project 2,A comprehensive project demonstrating skills required for a Lead Database Administrator.,Beginner,"Kafka, AutoCAD, Datadog",https://github.com/example/project
prj_0399,Principal Frontend Developer,Principal Frontend Developer Portfolio Project 1,A comprehensive project demonstrating skills required for a Principal Frontend Developer.,Intermediate,"Astro, WebSocket, Algolia",https://github.com/example/project
prj_0400,Principal Frontend Developer,Principal Frontend Developer Portfolio Project 2,A comprehensive project demonstrating skills required for a Principal Frontend Developer.,Advanced,"Statsmodels, Message Queues, Spring Boot",https://github.com/example/project
prj_0401,Principal Backend Developer,Principal Backend Developer Portfolio Project 1,A comprehensive project demonstrating skills required for a Principal Backend Developer.,Beginner,"DigitalOcean Droplets, Leadership, Azure Blob Storage",https://github.com/example/project
prj_0402,Principal Backend Developer,Principal Backend Developer Portfolio Project 2,A comprehensive project demonstrating skills required for a Principal Backend Developer.,Advanced,"Redis, GitHub Actions, Jetpack Compose",https://github.com/example/project
prj_0403,Principal Full Stack Developer,Principal Full Stack Developer Portfolio Project 1,A comprehensive project demonstrating skills required for a Principal Full Stack Developer.,Beginner,"API Design, Android Development, SOC Analysis",https://github.com/example/project
prj_0404,Principal Full Stack Developer,Principal Full Stack Developer Portfolio Project 2,A comprehensive project demonstrating skills required for a Principal Full Stack Developer.,Beginner,"Data Modeling, Figma, Swagger",https://github.com/example/project
prj_0405,Principal Data Scientist,Principal Data Scientist Portfolio Project 1,A comprehensive project demonstrating skills required for a Principal Data Scientist.,Intermediate,"Flutter, MeiliSearch, MobX",https://github.com/example/project
prj_0406,Principal Data Scientist,Principal Data Scientist Portfolio Project 2,A comprehensive project demonstrating skills required for a Principal Data Scientist.,Advanced,"PayPal API, Appium, Terraform",https://github.com/example/project
prj_0407,Principal DevOps Engineer,Principal DevOps Engineer Portfolio Project 1,A comprehensive project demonstrating skills required for a Principal DevOps Engineer.,Beginner,"Penetration Testing, Supabase Auth, SVN",https://github.com/example/project
prj_0408,Principal DevOps Engineer,Principal DevOps Engineer Portfolio Project 2,A comprehensive project demonstrating skills required for a Principal DevOps Engineer.,Advanced,"Twilio API, Azure Functions, Event-Driven Architecture",https://github.com/example/project
prj_0409,Principal Cloud Architect,Principal Cloud Architect Portfolio Project 1,A comprehensive project demonstrating skills required for a Principal Cloud Architect.,Beginner,"Cassandra, Supabase, C++",https://github.com/example/project
prj_0410,Principal Cloud Architect,Principal Cloud Architect Portfolio Project 2,A comprehensive project demonstrating skills required for a Principal Cloud Architect.,Advanced,"Ruby on Rails, Next.js, Scala",https://github.com/example/project
prj_0411,Principal Product Manager,Principal Product Manager Portfolio Project 1,A comprehensive project demonstrating skills required for a Principal Product Manager.,Intermediate,"AWS IAM, Keras, Laravel",https://github.com/example/project
prj_0412,Principal Product Manager,Principal Product Manager Portfolio Project 2,A comprehensive project demonstrating skills required for a Principal Product Manager.,Intermediate,"AWS Lambda, Mailchimp API, Chart.js",https://github.com/example/project
prj_0413,Principal UI/UX Designer,Principal UI/UX Designer Portfolio Project 1,A comprehensive project demonstrating skills required for a Principal UI/UX Designer.,Beginner,"Microsoft Teams, Sentry, Natural Language Processing",https://github.com/example/project
prj_0414,Principal UI/UX Designer,Principal UI/UX Designer Portfolio Project 2,A comprehensive project demonstrating skills required for a Principal UI/UX Designer.,Advanced,"Zeplin, Alteryx, Docker Compose",https://github.com/example/project
prj_0415,Principal Mobile Developer,Principal Mobile Developer Portfolio Project 1,A comprehensive project demonstrating skills required for a Principal Mobile Developer.,Advanced,"Kubernetes, Reinforcement Learning, Pillow",https://github.com/example/project
prj_0416,Principal Mobile Developer,Principal Mobile Developer Portfolio Project 2,A comprehensive project demonstrating skills required for a Principal Mobile Developer.,Intermediate,"A/B Testing, Python, Azure",https://github.com/example/project
prj_0417,Principal QA Engineer,Principal QA Engineer Portfolio Project 1,A comprehensive project demonstrating skills required for a Principal QA Engineer.,Beginner,"Microsoft Teams, Figma, AWS Route 53",https://github.com/example/project
prj_0418,Principal QA Engineer,Principal QA Engineer Portfolio Project 2,A comprehensive project demonstrating skills required for a Principal QA Engineer.,Beginner,"OAuth, Data Warehousing, SvelteKit",https://github.com/example/project
prj_0419,Principal Security Analyst,Principal Security Analyst Portfolio Project 1,A comprehensive project demonstrating skills required for a Principal Security Analyst.,Advanced,"Agile, Plotly, Solidity",https://github.com/example/project
prj_0420,Principal Security Analyst,Principal Security Analyst Portfolio Project 2,A comprehensive project demonstrating skills required for a Principal Security Analyst.,Advanced,"Svelte, LangChain, Windows",https://github.com/example/project
prj_0421,Principal Database Administrator,Principal Database Administrator Portfolio Project 1,A comprehensive project demonstrating skills required for a Principal Database Administrator.,Intermediate,"Linear, QlikView, MeiliSearch",https://github.com/example/project
prj_0422,Principal Database Administrator,Principal Database Administrator Portfolio Project 2,A comprehensive project demonstrating skills required for a Principal Database Administrator.,Beginner,"Emacs, REST API, GraphQL",https://github.com/example/project
